__run_id,__done,benchmark_id,benchmark,treatment,repetition,execution_time_s,cpu_util_percent,memory_mb,energy_j,timestamp
run_0,DONE,b1,DenseMatmul-Naive,Python,r1,3.537468,192.998,191.308,62.436,2025-10-01T14:02:26+00:00
run_1,DONE,b1,DenseMatmul-Naive,Python,r2,3.403355,163.651,236.05,55.075,2025-10-01T14:02:26+00:00
run_2,DONE,b1,DenseMatmul-Naive,Python,r3,2.777254,192.172,221.013,48.903,2025-10-01T14:02:26+00:00
run_3,DONE,b1,DenseMatmul-Naive,Python,r4,3.052283,196.127,221.286,54.35,2025-10-01T14:02:26+00:00
run_4,DONE,b1,DenseMatmul-Naive,Python,r5,3.4424,187.841,243.382,59.87,2025-10-01T14:02:26+00:00
run_5,DONE,b1,DenseMatmul-Naive,Python,r6,3.120182,169.935,245.827,51.473,2025-10-01T14:02:26+00:00
run_6,DONE,b1,DenseMatmul-Naive,Python,r7,3.280473,164.658,205.533,53.252,2025-10-01T14:02:26+00:00
run_7,DONE,b1,DenseMatmul-Naive,Python,r8,3.719337,185.741,211.043,64.296,2025-10-01T14:02:26+00:00
run_8,DONE,b1,DenseMatmul-Naive,Python,r9,2.974969,176.443,225.029,50.045,2025-10-01T14:02:26+00:00
run_9,DONE,b1,DenseMatmul-Naive,Python,r10,2.857245,186.502,192.805,49.502,2025-10-01T14:02:26+00:00
run_10,DONE,b1,DenseMatmul-Naive,Python,r11,3.353011,181.767,230.529,57.297,2025-10-01T14:02:26+00:00
run_11,DONE,b1,DenseMatmul-Naive,Python,r12,2.78238,186.986,215.45,48.272,2025-10-01T14:02:26+00:00
run_12,DONE,b1,DenseMatmul-Naive,Python,r13,2.860438,182.022,200.585,48.917,2025-10-01T14:02:26+00:00
run_13,DONE,b1,DenseMatmul-Naive,Python,r14,2.820752,166.574,235.181,46.059,2025-10-01T14:02:26+00:00
run_14,DONE,b1,DenseMatmul-Naive,Python,r15,3.377322,180.827,199.614,57.554,2025-10-01T14:02:26+00:00
run_15,DONE,b1,DenseMatmul-Naive,Python,r16,3.03382,196.279,236.716,54.044,2025-10-01T14:02:26+00:00
run_16,DONE,b1,DenseMatmul-Naive,Python,r17,3.116181,192.899,205.688,54.985,2025-10-01T14:02:26+00:00
run_17,DONE,b1,DenseMatmul-Naive,Python,r18,3.013551,179.838,225.343,51.206,2025-10-01T14:02:26+00:00
run_18,DONE,b1,DenseMatmul-Naive,Python,r19,3.460105,173.266,229.821,57.657,2025-10-01T14:02:26+00:00
run_19,DONE,b1,DenseMatmul-Naive,Python,r20,3.317995,196.353,213.922,59.119,2025-10-01T14:02:26+00:00
run_20,DONE,b1,DenseMatmul-Naive,C++/Cython,r1,1.410523,178.447,213.546,13.128,2025-10-01T14:02:26+00:00
run_21,DONE,b1,DenseMatmul-Naive,C++/Cython,r2,1.485024,150.728,191.2,12.69,2025-10-01T14:02:26+00:00
run_22,DONE,b1,DenseMatmul-Naive,C++/Cython,r3,1.333476,164.243,203.86,11.89,2025-10-01T14:02:26+00:00
run_23,DONE,b1,DenseMatmul-Naive,C++/Cython,r4,1.491612,166.133,190.576,13.378,2025-10-01T14:02:26+00:00
run_24,DONE,b1,DenseMatmul-Naive,C++/Cython,r5,1.539757,148.471,175.811,13.062,2025-10-01T14:02:26+00:00
run_25,DONE,b1,DenseMatmul-Naive,C++/Cython,r6,1.367994,184.079,215.279,12.944,2025-10-01T14:02:26+00:00
run_26,DONE,b1,DenseMatmul-Naive,C++/Cython,r7,1.346667,171.44,157.118,12.274,2025-10-01T14:02:26+00:00
run_27,DONE,b1,DenseMatmul-Naive,C++/Cython,r8,1.705656,148.183,170.788,14.456,2025-10-01T14:02:26+00:00
run_28,DONE,b1,DenseMatmul-Naive,C++/Cython,r9,1.609195,180.223,188.556,15.056,2025-10-01T14:02:26+00:00
run_29,DONE,b1,DenseMatmul-Naive,C++/Cython,r10,1.600918,181.463,169.354,15.033,2025-10-01T14:02:26+00:00
run_30,DONE,b1,DenseMatmul-Naive,C++/Cython,r11,1.647314,179.845,190.913,15.395,2025-10-01T14:02:26+00:00
run_31,DONE,b1,DenseMatmul-Naive,C++/Cython,r12,1.624525,169.105,184.128,14.703,2025-10-01T14:02:26+00:00
run_32,DONE,b1,DenseMatmul-Naive,C++/Cython,r13,1.567768,157.188,192.286,13.675,2025-10-01T14:02:26+00:00
run_33,DONE,b1,DenseMatmul-Naive,C++/Cython,r14,2.001545,170.258,180.811,18.178,2025-10-01T14:02:26+00:00
run_34,DONE,b1,DenseMatmul-Naive,C++/Cython,r15,1.605224,162.709,144.41,14.246,2025-10-01T14:02:26+00:00
run_35,DONE,b1,DenseMatmul-Naive,C++/Cython,r16,1.708654,191.368,216.305,16.51,2025-10-01T14:02:26+00:00
run_36,DONE,b1,DenseMatmul-Naive,C++/Cython,r17,1.602107,166.906,175.234,14.403,2025-10-01T14:02:26+00:00
run_37,DONE,b1,DenseMatmul-Naive,C++/Cython,r18,1.888308,182.91,186.438,17.807,2025-10-01T14:02:26+00:00
run_38,DONE,b1,DenseMatmul-Naive,C++/Cython,r19,1.359931,150.695,197.688,11.619,2025-10-01T14:02:26+00:00
run_39,DONE,b1,DenseMatmul-Naive,C++/Cython,r20,1.302389,168.607,174.521,11.769,2025-10-01T14:02:26+00:00
run_40,DONE,b1,DenseMatmul-Naive,C++/SWIG,r1,1.602008,163.979,207.119,15.571,2025-10-01T14:02:26+00:00
run_41,DONE,b1,DenseMatmul-Naive,C++/SWIG,r2,1.615897,162.183,180.319,15.618,2025-10-01T14:02:26+00:00
run_42,DONE,b1,DenseMatmul-Naive,C++/SWIG,r3,1.76816,189.074,197.256,18.517,2025-10-01T14:02:26+00:00
run_43,DONE,b1,DenseMatmul-Naive,C++/SWIG,r4,2.082148,181.966,203.193,21.361,2025-10-01T14:02:26+00:00
run_44,DONE,b1,DenseMatmul-Naive,C++/SWIG,r5,2.020632,177.416,163.09,20.454,2025-10-01T14:02:26+00:00
run_45,DONE,b1,DenseMatmul-Naive,C++/SWIG,r6,1.81721,194.924,203.157,19.349,2025-10-01T14:02:26+00:00
run_46,DONE,b1,DenseMatmul-Naive,C++/SWIG,r7,1.537804,174.758,213.996,15.444,2025-10-01T14:02:26+00:00
run_47,DONE,b1,DenseMatmul-Naive,C++/SWIG,r8,1.897265,178.389,202.703,19.26,2025-10-01T14:02:26+00:00
run_48,DONE,b1,DenseMatmul-Naive,C++/SWIG,r9,1.87544,184.122,192.376,19.361,2025-10-01T14:02:26+00:00
run_49,DONE,b1,DenseMatmul-Naive,C++/SWIG,r10,1.949728,154.062,207.528,18.37,2025-10-01T14:02:26+00:00
run_50,DONE,b1,DenseMatmul-Naive,C++/SWIG,r11,1.999305,178.815,187.775,20.322,2025-10-01T14:02:26+00:00
run_51,DONE,b1,DenseMatmul-Naive,C++/SWIG,r12,1.837236,148.378,210.326,16.997,2025-10-01T14:02:26+00:00
run_52,DONE,b1,DenseMatmul-Naive,C++/SWIG,r13,1.814753,176.114,186.298,18.299,2025-10-01T14:02:26+00:00
run_53,DONE,b1,DenseMatmul-Naive,C++/SWIG,r14,1.982383,172.489,201.475,19.774,2025-10-01T14:02:26+00:00
run_54,DONE,b1,DenseMatmul-Naive,C++/SWIG,r15,2.170995,159.232,204.108,20.792,2025-10-01T14:02:26+00:00
run_55,DONE,b1,DenseMatmul-Naive,C++/SWIG,r16,1.5985,187.093,216.769,16.645,2025-10-01T14:02:26+00:00
run_56,DONE,b1,DenseMatmul-Naive,C++/SWIG,r17,1.824287,160.72,187.146,17.553,2025-10-01T14:02:26+00:00
run_57,DONE,b1,DenseMatmul-Naive,C++/SWIG,r18,1.757815,167.681,182.178,17.28,2025-10-01T14:02:26+00:00
run_58,DONE,b1,DenseMatmul-Naive,C++/SWIG,r19,1.778372,179.563,189.006,18.116,2025-10-01T14:02:26+00:00
run_59,DONE,b1,DenseMatmul-Naive,C++/SWIG,r20,2.182797,152.646,192.186,20.473,2025-10-01T14:02:26+00:00
run_60,DONE,b2,FFT-1D-Real,Python,r1,1.094443,163.264,199.191,17.69,2025-10-01T14:02:26+00:00
run_61,DONE,b2,FFT-1D-Real,Python,r2,1.294743,203.554,248.871,23.535,2025-10-01T14:02:26+00:00
run_62,DONE,b2,FFT-1D-Real,Python,r3,1.101448,163.865,209.507,17.836,2025-10-01T14:02:26+00:00
run_63,DONE,b2,FFT-1D-Real,Python,r4,1.240757,184.239,234.335,21.356,2025-10-01T14:02:26+00:00
run_64,DONE,b2,FFT-1D-Real,Python,r5,1.300439,156.093,225.6,20.553,2025-10-01T14:02:26+00:00
run_65,DONE,b2,FFT-1D-Real,Python,r6,1.171482,181.7,218.301,20.015,2025-10-01T14:02:26+00:00
run_66,DONE,b2,FFT-1D-Real,Python,r7,1.127427,170.652,222.705,18.639,2025-10-01T14:02:26+00:00
run_67,DONE,b2,FFT-1D-Real,Python,r8,1.273439,204.742,218.113,23.224,2025-10-01T14:02:26+00:00
run_68,DONE,b2,FFT-1D-Real,Python,r9,1.3499,174.452,180.334,22.574,2025-10-01T14:02:26+00:00
run_69,DONE,b2,FFT-1D-Real,Python,r10,1.05902,188.389,211.602,18.448,2025-10-01T14:02:26+00:00
run_70,DONE,b2,FFT-1D-Real,Python,r11,1.311205,187.017,200.255,22.75,2025-10-01T14:02:26+00:00
run_71,DONE,b2,FFT-1D-Real,Python,r12,1.205279,173.294,223.669,20.086,2025-10-01T14:02:26+00:00
run_72,DONE,b2,FFT-1D-Real,Python,r13,1.189975,169.033,163.58,19.577,2025-10-01T14:02:26+00:00
run_73,DONE,b2,FFT-1D-Real,Python,r14,1.201215,176.928,200.9,20.236,2025-10-01T14:02:26+00:00
run_74,DONE,b2,FFT-1D-Real,Python,r15,1.109169,170.079,212.125,18.306,2025-10-01T14:02:26+00:00
run_75,DONE,b2,FFT-1D-Real,Python,r16,1.183174,163.701,220.144,19.15,2025-10-01T14:02:26+00:00
run_76,DONE,b2,FFT-1D-Real,Python,r17,1.095261,184.395,246.991,18.86,2025-10-01T14:02:26+00:00
run_77,DONE,b2,FFT-1D-Real,Python,r18,1.214327,192.854,224.942,21.424,2025-10-01T14:02:26+00:00
run_78,DONE,b2,FFT-1D-Real,Python,r19,1.251196,153.498,198.891,19.612,2025-10-01T14:02:26+00:00
run_79,DONE,b2,FFT-1D-Real,Python,r20,1.421006,183.233,229.864,24.387,2025-10-01T14:02:26+00:00
run_80,DONE,b2,FFT-1D-Real,C++/Cython,r1,0.72808,155.296,226.61,6.313,2025-10-01T14:02:26+00:00
run_81,DONE,b2,FFT-1D-Real,C++/Cython,r2,0.73292,168.726,220.276,6.626,2025-10-01T14:02:26+00:00
run_82,DONE,b2,FFT-1D-Real,C++/Cython,r3,0.482207,185.547,207.666,4.582,2025-10-01T14:02:26+00:00
run_83,DONE,b2,FFT-1D-Real,C++/Cython,r4,0.635367,162.297,202.29,5.631,2025-10-01T14:02:26+00:00
run_84,DONE,b2,FFT-1D-Real,C++/Cython,r5,0.615339,189.511,168.283,5.914,2025-10-01T14:02:26+00:00
run_85,DONE,b2,FFT-1D-Real,C++/Cython,r6,0.640131,164.091,199.544,5.705,2025-10-01T14:02:26+00:00
run_86,DONE,b2,FFT-1D-Real,C++/Cython,r7,0.614571,173.584,205.231,5.638,2025-10-01T14:02:26+00:00
run_87,DONE,b2,FFT-1D-Real,C++/Cython,r8,0.584662,186.578,218.549,5.572,2025-10-01T14:02:26+00:00
run_88,DONE,b2,FFT-1D-Real,C++/Cython,r9,0.507461,175.933,181.361,4.688,2025-10-01T14:02:26+00:00
run_89,DONE,b2,FFT-1D-Real,C++/Cython,r10,0.642293,159.97,202.135,5.652,2025-10-01T14:02:26+00:00
run_90,DONE,b2,FFT-1D-Real,C++/Cython,r11,0.553466,159.33,212.053,4.86,2025-10-01T14:02:26+00:00
run_91,DONE,b2,FFT-1D-Real,C++/Cython,r12,0.6645,161.965,177.404,5.883,2025-10-01T14:02:26+00:00
run_92,DONE,b2,FFT-1D-Real,C++/Cython,r13,0.67775,193.126,147.757,6.582,2025-10-01T14:02:26+00:00
run_93,DONE,b2,FFT-1D-Real,C++/Cython,r14,0.651379,179.769,162.927,6.086,2025-10-01T14:02:26+00:00
run_94,DONE,b2,FFT-1D-Real,C++/Cython,r15,0.591881,170.405,155.147,5.378,2025-10-01T14:02:26+00:00
run_95,DONE,b2,FFT-1D-Real,C++/Cython,r16,0.6281,163.928,200.552,5.595,2025-10-01T14:02:26+00:00
run_96,DONE,b2,FFT-1D-Real,C++/Cython,r17,0.596714,158.436,195.239,5.225,2025-10-01T14:02:26+00:00
run_97,DONE,b2,FFT-1D-Real,C++/Cython,r18,0.581908,166.596,168.282,5.226,2025-10-01T14:02:26+00:00
run_98,DONE,b2,FFT-1D-Real,C++/Cython,r19,0.596299,159.356,177.823,5.237,2025-10-01T14:02:26+00:00
run_99,DONE,b2,FFT-1D-Real,C++/Cython,r20,0.560535,179.006,190.514,5.226,2025-10-01T14:02:26+00:00
run_100,DONE,b2,FFT-1D-Real,C++/SWIG,r1,0.551438,174.078,170.409,5.527,2025-10-01T14:02:26+00:00
run_101,DONE,b2,FFT-1D-Real,C++/SWIG,r2,0.653734,138.915,195.352,5.862,2025-10-01T14:02:26+00:00
run_102,DONE,b2,FFT-1D-Real,C++/SWIG,r3,0.803802,171.331,175.521,7.99,2025-10-01T14:02:26+00:00
run_103,DONE,b2,FFT-1D-Real,C++/SWIG,r4,0.71906,183.109,181.349,7.401,2025-10-01T14:02:26+00:00
run_104,DONE,b2,FFT-1D-Real,C++/SWIG,r5,0.682942,151.09,184.091,6.374,2025-10-01T14:02:26+00:00
run_105,DONE,b2,FFT-1D-Real,C++/SWIG,r6,0.694522,184.677,187.574,7.182,2025-10-01T14:02:26+00:00
run_106,DONE,b2,FFT-1D-Real,C++/SWIG,r7,0.691868,182.239,194.357,7.104,2025-10-01T14:02:26+00:00
run_107,DONE,b2,FFT-1D-Real,C++/SWIG,r8,0.765907,156.162,185.418,7.265,2025-10-01T14:02:26+00:00
run_108,DONE,b2,FFT-1D-Real,C++/SWIG,r9,0.763254,189.804,156.267,8.01,2025-10-01T14:02:26+00:00
run_109,DONE,b2,FFT-1D-Real,C++/SWIG,r10,0.729711,165.563,186.39,7.127,2025-10-01T14:02:26+00:00
run_110,DONE,b2,FFT-1D-Real,C++/SWIG,r11,0.537017,149.86,189.49,4.992,2025-10-01T14:02:26+00:00
run_111,DONE,b2,FFT-1D-Real,C++/SWIG,r12,0.767969,153.469,196.045,7.222,2025-10-01T14:02:26+00:00
run_112,DONE,b2,FFT-1D-Real,C++/SWIG,r13,0.699051,170.32,174.689,6.927,2025-10-01T14:02:26+00:00
run_113,DONE,b2,FFT-1D-Real,C++/SWIG,r14,0.554683,183.079,178.272,5.709,2025-10-01T14:02:26+00:00
run_114,DONE,b2,FFT-1D-Real,C++/SWIG,r15,0.820774,163.927,180.662,7.976,2025-10-01T14:02:26+00:00
run_115,DONE,b2,FFT-1D-Real,C++/SWIG,r16,0.609392,169.325,189.35,6.021,2025-10-01T14:02:26+00:00
run_116,DONE,b2,FFT-1D-Real,C++/SWIG,r17,0.730197,163.08,169.756,7.077,2025-10-01T14:02:26+00:00
run_117,DONE,b2,FFT-1D-Real,C++/SWIG,r18,0.663051,162.249,184.329,6.41,2025-10-01T14:02:26+00:00
run_118,DONE,b2,FFT-1D-Real,C++/SWIG,r19,0.73104,167.338,199.334,7.179,2025-10-01T14:02:26+00:00
run_119,DONE,b2,FFT-1D-Real,C++/SWIG,r20,0.733011,191.285,187.874,7.725,2025-10-01T14:02:26+00:00
run_120,DONE,b3,PrimeSieve,Python,r1,1.649532,175.919,204.119,27.705,2025-10-01T14:02:26+00:00
run_121,DONE,b3,PrimeSieve,Python,r2,1.477595,169.585,246.358,24.35,2025-10-01T14:02:26+00:00
run_122,DONE,b3,PrimeSieve,Python,r3,1.450229,167.107,213.647,23.719,2025-10-01T14:02:26+00:00
run_123,DONE,b3,PrimeSieve,Python,r4,1.439565,175.814,230.944,24.171,2025-10-01T14:02:26+00:00
run_124,DONE,b3,PrimeSieve,Python,r5,1.620561,160.796,187.454,25.993,2025-10-01T14:02:26+00:00
run_125,DONE,b3,PrimeSieve,Python,r6,1.598277,171.056,213.433,26.456,2025-10-01T14:02:26+00:00
run_126,DONE,b3,PrimeSieve,Python,r7,1.471378,171.763,240.612,24.407,2025-10-01T14:02:26+00:00
run_127,DONE,b3,PrimeSieve,Python,r8,1.403429,182.593,206.374,24.04,2025-10-01T14:02:26+00:00
run_128,DONE,b3,PrimeSieve,Python,r9,1.436967,163.492,238.979,23.242,2025-10-01T14:02:26+00:00
run_129,DONE,b3,PrimeSieve,Python,r10,1.656074,176.213,220.608,27.84,2025-10-01T14:02:26+00:00
run_130,DONE,b3,PrimeSieve,Python,r11,1.4529,184.155,209.283,25.001,2025-10-01T14:02:26+00:00
run_131,DONE,b3,PrimeSieve,Python,r12,1.413705,181.965,254.632,24.172,2025-10-01T14:02:26+00:00
run_132,DONE,b3,PrimeSieve,Python,r13,1.539103,184.58,217.558,26.517,2025-10-01T14:02:26+00:00
run_133,DONE,b3,PrimeSieve,Python,r14,1.634013,183.79,208.371,28.088,2025-10-01T14:02:26+00:00
run_134,DONE,b3,PrimeSieve,Python,r15,1.775478,162.652,245.707,28.643,2025-10-01T14:02:26+00:00
run_135,DONE,b3,PrimeSieve,Python,r16,1.720174,165.355,231.375,27.983,2025-10-01T14:02:26+00:00
run_136,DONE,b3,PrimeSieve,Python,r17,1.565008,176.322,236.116,26.317,2025-10-01T14:02:26+00:00
run_137,DONE,b3,PrimeSieve,Python,r18,1.586628,171.083,211.83,26.265,2025-10-01T14:02:26+00:00
run_138,DONE,b3,PrimeSieve,Python,r19,1.594138,161.008,252.068,25.587,2025-10-01T14:02:26+00:00
run_139,DONE,b3,PrimeSieve,Python,r20,1.580883,188.258,201.286,27.528,2025-10-01T14:02:26+00:00
run_140,DONE,b3,PrimeSieve,C++/Cython,r1,0.626462,198.018,222.568,6.168,2025-10-01T14:02:26+00:00
run_141,DONE,b3,PrimeSieve,C++/Cython,r2,0.914178,173.258,156.348,8.378,2025-10-01T14:02:26+00:00
run_142,DONE,b3,PrimeSieve,C++/Cython,r3,0.935003,183.918,192.534,8.843,2025-10-01T14:02:26+00:00
run_143,DONE,b3,PrimeSieve,C++/Cython,r4,1.011697,175.258,230.877,9.327,2025-10-01T14:02:26+00:00
run_144,DONE,b3,PrimeSieve,C++/Cython,r5,0.838551,185.712,184.62,7.972,2025-10-01T14:02:26+00:00
run_145,DONE,b3,PrimeSieve,C++/Cython,r6,0.802459,162.142,190.087,7.109,2025-10-01T14:02:26+00:00
run_146,DONE,b3,PrimeSieve,C++/Cython,r7,0.98965,165.991,182.981,8.872,2025-10-01T14:02:26+00:00
run_147,DONE,b3,PrimeSieve,C++/Cython,r8,0.813296,180.384,171.971,7.613,2025-10-01T14:02:26+00:00
run_148,DONE,b3,PrimeSieve,C++/Cython,r9,0.882586,177.203,187.023,8.184,2025-10-01T14:02:26+00:00
run_149,DONE,b3,PrimeSieve,C++/Cython,r10,0.817613,153.339,160.451,7.045,2025-10-01T14:02:26+00:00
run_150,DONE,b3,PrimeSieve,C++/Cython,r11,0.746848,183.033,169.818,7.045,2025-10-01T14:02:26+00:00
run_151,DONE,b3,PrimeSieve,C++/Cython,r12,0.722282,163.697,201.084,6.43,2025-10-01T14:02:26+00:00
run_152,DONE,b3,PrimeSieve,C++/Cython,r13,0.671566,159.338,194.527,5.898,2025-10-01T14:02:26+00:00
run_153,DONE,b3,PrimeSieve,C++/Cython,r14,0.730279,168.585,165.11,6.599,2025-10-01T14:02:26+00:00
run_154,DONE,b3,PrimeSieve,C++/Cython,r15,0.880488,183.019,203.379,8.306,2025-10-01T14:02:26+00:00
run_155,DONE,b3,PrimeSieve,C++/Cython,r16,1.00028,150.498,182.841,8.541,2025-10-01T14:02:26+00:00
run_156,DONE,b3,PrimeSieve,C++/Cython,r17,0.915125,148.618,207.751,7.767,2025-10-01T14:02:26+00:00
run_157,DONE,b3,PrimeSieve,C++/Cython,r18,0.682017,192.288,190.426,6.607,2025-10-01T14:02:26+00:00
run_158,DONE,b3,PrimeSieve,C++/Cython,r19,0.698599,172.499,206.845,6.388,2025-10-01T14:02:26+00:00
run_159,DONE,b3,PrimeSieve,C++/Cython,r20,0.803935,178.303,189.368,7.479,2025-10-01T14:02:26+00:00
run_160,DONE,b3,PrimeSieve,C++/SWIG,r1,0.883323,156.544,183.831,8.388,2025-10-01T14:02:26+00:00
run_161,DONE,b3,PrimeSieve,C++/SWIG,r2,0.904775,166.188,216.125,8.854,2025-10-01T14:02:26+00:00
run_162,DONE,b3,PrimeSieve,C++/SWIG,r3,0.793344,152.781,207.818,7.444,2025-10-01T14:02:26+00:00
run_163,DONE,b3,PrimeSieve,C++/SWIG,r4,0.864535,160.835,185.103,8.321,2025-10-01T14:02:26+00:00
run_164,DONE,b3,PrimeSieve,C++/SWIG,r5,0.812411,144.67,161.914,7.426,2025-10-01T14:02:26+00:00
run_165,DONE,b3,PrimeSieve,C++/SWIG,r6,1.03593,184.078,210.743,10.693,2025-10-01T14:02:26+00:00
run_166,DONE,b3,PrimeSieve,C++/SWIG,r7,0.998807,181.999,179.218,10.248,2025-10-01T14:02:26+00:00
run_167,DONE,b3,PrimeSieve,C++/SWIG,r8,0.852803,186.428,213.702,8.863,2025-10-01T14:02:26+00:00
run_168,DONE,b3,PrimeSieve,C++/SWIG,r9,0.844292,169.047,164.734,8.334,2025-10-01T14:02:26+00:00
run_169,DONE,b3,PrimeSieve,C++/SWIG,r10,0.85961,164.231,200.661,8.361,2025-10-01T14:02:26+00:00
run_170,DONE,b3,PrimeSieve,C++/SWIG,r11,0.934087,201.452,192.636,10.129,2025-10-01T14:02:26+00:00
run_171,DONE,b3,PrimeSieve,C++/SWIG,r12,0.915132,166.16,181.782,8.954,2025-10-01T14:02:26+00:00
run_172,DONE,b3,PrimeSieve,C++/SWIG,r13,0.902473,176.768,188.385,9.118,2025-10-01T14:02:26+00:00
run_173,DONE,b3,PrimeSieve,C++/SWIG,r14,0.959402,178.62,153.262,9.746,2025-10-01T14:02:26+00:00
run_174,DONE,b3,PrimeSieve,C++/SWIG,r15,0.82241,169.069,186.076,8.119,2025-10-01T14:02:26+00:00
run_175,DONE,b3,PrimeSieve,C++/SWIG,r16,0.988668,174.375,187.893,9.918,2025-10-01T14:02:26+00:00
run_176,DONE,b3,PrimeSieve,C++/SWIG,r17,1.03662,158.341,188.289,9.9,2025-10-01T14:02:26+00:00
run_177,DONE,b3,PrimeSieve,C++/SWIG,r18,0.693947,163.958,168.467,6.744,2025-10-01T14:02:26+00:00
run_178,DONE,b3,PrimeSieve,C++/SWIG,r19,0.928822,174.711,178.14,9.327,2025-10-01T14:02:26+00:00
run_179,DONE,b3,PrimeSieve,C++/SWIG,r20,1.060542,164.647,187.544,10.329,2025-10-01T14:02:26+00:00
run_180,DONE,b4,Sort-Quicksort,Python,r1,2.164886,166.781,229.331,35.372,2025-10-01T14:02:26+00:00
run_181,DONE,b4,Sort-Quicksort,Python,r2,2.252922,147.952,255.402,34.69,2025-10-01T14:02:26+00:00
run_182,DONE,b4,Sort-Quicksort,Python,r3,1.827127,164.765,224.774,29.669,2025-10-01T14:02:26+00:00
run_183,DONE,b4,Sort-Quicksort,Python,r4,1.739474,161.744,189.488,27.983,2025-10-01T14:02:26+00:00
run_184,DONE,b4,Sort-Quicksort,Python,r5,2.002464,187.007,217.731,34.743,2025-10-01T14:02:26+00:00
run_185,DONE,b4,Sort-Quicksort,Python,r6,1.980094,179.294,254.013,33.592,2025-10-01T14:02:26+00:00
run_186,DONE,b4,Sort-Quicksort,Python,r7,1.928362,177.181,227.038,32.51,2025-10-01T14:02:26+00:00
run_187,DONE,b4,Sort-Quicksort,Python,r8,1.852778,163.887,264.248,30.005,2025-10-01T14:02:26+00:00
run_188,DONE,b4,Sort-Quicksort,Python,r9,1.982812,191.205,215.39,34.819,2025-10-01T14:02:26+00:00
run_189,DONE,b4,Sort-Quicksort,Python,r10,1.978539,191.841,218.163,34.807,2025-10-01T14:02:26+00:00
run_190,DONE,b4,Sort-Quicksort,Python,r11,2.199163,174.779,229.454,36.812,2025-10-01T14:02:26+00:00
run_191,DONE,b4,Sort-Quicksort,Python,r12,1.926189,180.67,235.864,32.81,2025-10-01T14:02:26+00:00
run_192,DONE,b4,Sort-Quicksort,Python,r13,2.440928,179.412,229.372,41.424,2025-10-01T14:02:26+00:00
run_193,DONE,b4,Sort-Quicksort,Python,r14,2.171771,178.204,218.021,36.725,2025-10-01T14:02:26+00:00
run_194,DONE,b4,Sort-Quicksort,Python,r15,1.933231,177.345,201.492,32.608,2025-10-01T14:02:26+00:00
run_195,DONE,b4,Sort-Quicksort,Python,r16,2.106243,166.301,221.034,34.363,2025-10-01T14:02:26+00:00
run_196,DONE,b4,Sort-Quicksort,Python,r17,2.015822,165.531,225.427,32.811,2025-10-01T14:02:26+00:00
run_197,DONE,b4,Sort-Quicksort,Python,r18,1.841049,162.947,217.837,29.728,2025-10-01T14:02:26+00:00
run_198,DONE,b4,Sort-Quicksort,Python,r19,2.121967,188.606,202.012,36.987,2025-10-01T14:02:26+00:00
run_199,DONE,b4,Sort-Quicksort,Python,r20,1.777005,184.341,212.278,30.595,2025-10-01T14:02:26+00:00
run_200,DONE,b4,Sort-Quicksort,C++/Cython,r1,0.889364,180.201,225.957,8.32,2025-10-01T14:02:26+00:00
run_201,DONE,b4,Sort-Quicksort,C++/Cython,r2,1.107354,169.624,211.446,10.038,2025-10-01T14:02:26+00:00
run_202,DONE,b4,Sort-Quicksort,C++/Cython,r3,1.017992,182.54,181.667,9.589,2025-10-01T14:02:26+00:00
run_203,DONE,b4,Sort-Quicksort,C++/Cython,r4,1.068211,164.441,147.529,9.531,2025-10-01T14:02:26+00:00
run_204,DONE,b4,Sort-Quicksort,C++/Cython,r5,0.681682,164.261,178.053,6.079,2025-10-01T14:02:26+00:00
run_205,DONE,b4,Sort-Quicksort,C++/Cython,r6,0.810273,158.483,189.075,7.097,2025-10-01T14:02:26+00:00
run_206,DONE,b4,Sort-Quicksort,C++/Cython,r7,0.838454,177.34,166.437,7.778,2025-10-01T14:02:26+00:00
run_207,DONE,b4,Sort-Quicksort,C++/Cython,r8,0.793176,169.023,204.173,7.177,2025-10-01T14:02:26+00:00
run_208,DONE,b4,Sort-Quicksort,C++/Cython,r9,0.870049,194.424,219.88,8.48,2025-10-01T14:02:26+00:00
run_209,DONE,b4,Sort-Quicksort,C++/Cython,r10,1.049296,185.569,181.764,9.972,2025-10-01T14:02:26+00:00
run_210,DONE,b4,Sort-Quicksort,C++/Cython,r11,0.761994,171.007,209.973,6.936,2025-10-01T14:02:26+00:00
run_211,DONE,b4,Sort-Quicksort,C++/Cython,r12,1.058507,177.94,177.05,9.837,2025-10-01T14:02:26+00:00
run_212,DONE,b4,Sort-Quicksort,C++/Cython,r13,1.204429,165.899,203.471,10.794,2025-10-01T14:02:26+00:00
run_213,DONE,b4,Sort-Quicksort,C++/Cython,r14,1.069219,147.254,203.752,9.034,2025-10-01T14:02:26+00:00
run_214,DONE,b4,Sort-Quicksort,C++/Cython,r15,1.036372,169.821,192.436,9.4,2025-10-01T14:02:26+00:00
run_215,DONE,b4,Sort-Quicksort,C++/Cython,r16,1.05552,181.344,197.749,9.908,2025-10-01T14:02:26+00:00
run_216,DONE,b4,Sort-Quicksort,C++/Cython,r17,0.929714,149.877,189.565,7.923,2025-10-01T14:02:26+00:00
run_217,DONE,b4,Sort-Quicksort,C++/Cython,r18,0.998637,158.211,190.738,8.739,2025-10-01T14:02:26+00:00
run_218,DONE,b4,Sort-Quicksort,C++/Cython,r19,1.002859,170.508,168.106,9.115,2025-10-01T14:02:26+00:00
run_219,DONE,b4,Sort-Quicksort,C++/Cython,r20,1.095956,150.837,201.638,9.368,2025-10-01T14:02:26+00:00
run_220,DONE,b4,Sort-Quicksort,C++/SWIG,r1,1.150989,178.74,179.868,11.697,2025-10-01T14:02:26+00:00
run_221,DONE,b4,Sort-Quicksort,C++/SWIG,r2,1.067552,177.554,182.701,10.811,2025-10-01T14:02:26+00:00
run_222,DONE,b4,Sort-Quicksort,C++/SWIG,r3,1.092356,181.785,192.264,11.201,2025-10-01T14:02:26+00:00
run_223,DONE,b4,Sort-Quicksort,C++/SWIG,r4,1.152439,165.204,200.248,11.243,2025-10-01T14:02:26+00:00
run_224,DONE,b4,Sort-Quicksort,C++/SWIG,r5,1.102739,177.333,185.909,11.16,2025-10-01T14:02:26+00:00
run_225,DONE,b4,Sort-Quicksort,C++/SWIG,r6,1.084175,173.625,133.575,10.851,2025-10-01T14:02:26+00:00
run_226,DONE,b4,Sort-Quicksort,C++/SWIG,r7,1.098358,179.406,141.709,11.184,2025-10-01T14:02:26+00:00
run_227,DONE,b4,Sort-Quicksort,C++/SWIG,r8,1.229069,169.476,170.505,12.148,2025-10-01T14:02:26+00:00
run_228,DONE,b4,Sort-Quicksort,C++/SWIG,r9,1.335814,168.218,200.315,13.153,2025-10-01T14:02:26+00:00
run_229,DONE,b4,Sort-Quicksort,C++/SWIG,r10,1.207746,173.437,196.438,12.081,2025-10-01T14:02:26+00:00
run_230,DONE,b4,Sort-Quicksort,C++/SWIG,r11,0.802848,175.028,199.008,8.069,2025-10-01T14:02:26+00:00
run_231,DONE,b4,Sort-Quicksort,C++/SWIG,r12,1.01034,161.988,167.339,9.76,2025-10-01T14:02:26+00:00
run_232,DONE,b4,Sort-Quicksort,C++/SWIG,r13,1.078484,165.359,201.705,10.527,2025-10-01T14:02:26+00:00
run_233,DONE,b4,Sort-Quicksort,C++/SWIG,r14,1.050873,149.348,186.937,9.753,2025-10-01T14:02:26+00:00
run_234,DONE,b4,Sort-Quicksort,C++/SWIG,r15,0.933803,156.884,210.275,8.877,2025-10-01T14:02:26+00:00
run_235,DONE,b4,Sort-Quicksort,C++/SWIG,r16,0.966478,178.65,228.339,9.819,2025-10-01T14:02:26+00:00
run_236,DONE,b4,Sort-Quicksort,C++/SWIG,r17,1.354054,171.108,159.271,13.45,2025-10-01T14:02:26+00:00
run_237,DONE,b4,Sort-Quicksort,C++/SWIG,r18,1.123261,162.36,184.695,10.863,2025-10-01T14:02:26+00:00
run_238,DONE,b4,Sort-Quicksort,C++/SWIG,r19,1.236887,164.721,164.687,12.049,2025-10-01T14:02:26+00:00
run_239,DONE,b4,Sort-Quicksort,C++/SWIG,r20,1.313399,183.434,180.681,13.532,2025-10-01T14:02:26+00:00
run_240,DONE,b5,NBody-Step,Python,r1,2.792194,164.152,189.662,45.255,2025-10-01T14:02:26+00:00
run_241,DONE,b5,NBody-Step,Python,r2,2.798931,204.723,235.457,51.042,2025-10-01T14:02:26+00:00
run_242,DONE,b5,NBody-Step,Python,r3,2.816036,183.611,197.966,48.381,2025-10-01T14:02:26+00:00
run_243,DONE,b5,NBody-Step,Python,r4,2.811905,184.801,208.217,48.477,2025-10-01T14:02:26+00:00
run_244,DONE,b5,NBody-Step,Python,r5,3.00974,174.679,202.76,50.365,2025-10-01T14:02:26+00:00
run_245,DONE,b5,NBody-Step,Python,r6,2.772995,186.083,194.453,47.984,2025-10-01T14:02:26+00:00
run_246,DONE,b5,NBody-Step,Python,r7,2.767029,193.055,230.055,48.846,2025-10-01T14:02:26+00:00
run_247,DONE,b5,NBody-Step,Python,r8,3.281181,175.857,243.22,55.1,2025-10-01T14:02:26+00:00
run_248,DONE,b5,NBody-Step,Python,r9,2.832345,183.369,207.048,48.627,2025-10-01T14:02:26+00:00
run_249,DONE,b5,NBody-Step,Python,r10,2.694191,172.632,253.822,44.809,2025-10-01T14:02:26+00:00
run_250,DONE,b5,NBody-Step,Python,r11,2.524384,197.646,218.826,45.142,2025-10-01T14:02:26+00:00
run_251,DONE,b5,NBody-Step,Python,r12,2.833854,190.983,241.935,49.732,2025-10-01T14:02:26+00:00
run_252,DONE,b5,NBody-Step,Python,r13,2.831232,186.555,199.15,49.059,2025-10-01T14:02:26+00:00
run_253,DONE,b5,NBody-Step,Python,r14,2.845618,195.448,204.981,50.573,2025-10-01T14:02:26+00:00
run_254,DONE,b5,NBody-Step,Python,r15,2.892615,181.595,214.909,49.405,2025-10-01T14:02:26+00:00
run_255,DONE,b5,NBody-Step,Python,r16,2.937986,189.6,225.92,51.356,2025-10-01T14:02:26+00:00
run_256,DONE,b5,NBody-Step,Python,r17,2.90603,179.661,196.859,49.353,2025-10-01T14:02:26+00:00
run_257,DONE,b5,NBody-Step,Python,r18,3.089008,199.849,215.842,55.579,2025-10-01T14:02:26+00:00
run_258,DONE,b5,NBody-Step,Python,r19,2.342214,179.847,248.39,39.8,2025-10-01T14:02:26+00:00
run_259,DONE,b5,NBody-Step,Python,r20,2.549565,191.327,229.973,44.787,2025-10-01T14:02:26+00:00
run_260,DONE,b5,NBody-Step,C++/Cython,r1,1.612367,174.55,181.686,14.834,2025-10-01T14:02:26+00:00
run_261,DONE,b5,NBody-Step,C++/Cython,r2,1.345771,166.886,155.045,12.098,2025-10-01T14:02:26+00:00
run_262,DONE,b5,NBody-Step,C++/Cython,r3,1.083438,181.676,173.285,10.18,2025-10-01T14:02:26+00:00
run_263,DONE,b5,NBody-Step,C++/Cython,r4,1.262929,168.924,165.547,11.424,2025-10-01T14:02:26+00:00
run_264,DONE,b5,NBody-Step,C++/Cython,r5,1.530451,169.312,163.837,13.86,2025-10-01T14:02:26+00:00
run_265,DONE,b5,NBody-Step,C++/Cython,r6,1.320936,176.476,194.247,12.223,2025-10-01T14:02:26+00:00
run_266,DONE,b5,NBody-Step,C++/Cython,r7,1.168506,166.152,185.789,10.481,2025-10-01T14:02:26+00:00
run_267,DONE,b5,NBody-Step,C++/Cython,r8,1.503471,174.3,155.405,13.822,2025-10-01T14:02:26+00:00
run_268,DONE,b5,NBody-Step,C++/Cython,r9,1.622641,151.845,192.191,13.915,2025-10-01T14:02:26+00:00
run_269,DONE,b5,NBody-Step,C++/Cython,r10,1.534291,178.37,180.741,14.277,2025-10-01T14:02:26+00:00
run_270,DONE,b5,NBody-Step,C++/Cython,r11,1.501798,186.922,173.887,14.328,2025-10-01T14:02:26+00:00
run_271,DONE,b5,NBody-Step,C++/Cython,r12,1.294502,164.142,191.859,11.539,2025-10-01T14:02:26+00:00
run_272,DONE,b5,NBody-Step,C++/Cython,r13,1.390186,179.252,178.189,12.97,2025-10-01T14:02:26+00:00
run_273,DONE,b5,NBody-Step,C++/Cython,r14,1.643402,172.965,177.797,15.048,2025-10-01T14:02:26+00:00
run_274,DONE,b5,NBody-Step,C++/Cython,r15,1.459937,162.078,193.413,12.931,2025-10-01T14:02:26+00:00
run_275,DONE,b5,NBody-Step,C++/Cython,r16,1.382433,173.115,201.799,12.664,2025-10-01T14:02:26+00:00
run_276,DONE,b5,NBody-Step,C++/Cython,r17,1.211731,192.619,211.337,11.75,2025-10-01T14:02:26+00:00
run_277,DONE,b5,NBody-Step,C++/Cython,r18,1.459719,168.747,183.531,13.197,2025-10-01T14:02:26+00:00
run_278,DONE,b5,NBody-Step,C++/Cython,r19,1.091573,172.249,187.733,9.974,2025-10-01T14:02:26+00:00
run_279,DONE,b5,NBody-Step,C++/Cython,r20,1.136875,179.235,171.418,10.606,2025-10-01T14:02:26+00:00
run_280,DONE,b5,NBody-Step,C++/SWIG,r1,1.470204,155.089,184.472,13.897,2025-10-01T14:02:26+00:00
run_281,DONE,b5,NBody-Step,C++/SWIG,r2,1.958138,187.677,211.37,20.424,2025-10-01T14:02:26+00:00
run_282,DONE,b5,NBody-Step,C++/SWIG,r3,1.491126,167.766,172.426,14.662,2025-10-01T14:02:26+00:00
run_283,DONE,b5,NBody-Step,C++/SWIG,r4,1.585493,180.663,174.765,16.204,2025-10-01T14:02:26+00:00
run_284,DONE,b5,NBody-Step,C++/SWIG,r5,1.36385,172.961,190.197,13.623,2025-10-01T14:02:26+00:00
run_285,DONE,b5,NBody-Step,C++/SWIG,r6,1.606771,143.526,172.783,14.631,2025-10-01T14:02:26+00:00
run_286,DONE,b5,NBody-Step,C++/SWIG,r7,1.449814,168.668,180.631,14.295,2025-10-01T14:02:26+00:00
run_287,DONE,b5,NBody-Step,C++/SWIG,r8,1.386274,147.078,212.229,12.771,2025-10-01T14:02:26+00:00
run_288,DONE,b5,NBody-Step,C++/SWIG,r9,1.69732,163.42,163.489,16.468,2025-10-01T14:02:26+00:00
run_289,DONE,b5,NBody-Step,C++/SWIG,r10,1.639863,152.88,192.32,15.392,2025-10-01T14:02:26+00:00
run_290,DONE,b5,NBody-Step,C++/SWIG,r11,1.736955,185.571,182.663,18.007,2025-10-01T14:02:26+00:00
run_291,DONE,b5,NBody-Step,C++/SWIG,r12,1.49782,162.686,214.452,14.5,2025-10-01T14:02:26+00:00
run_292,DONE,b5,NBody-Step,C++/SWIG,r13,1.334232,166.51,173.553,13.069,2025-10-01T14:02:26+00:00
run_293,DONE,b5,NBody-Step,C++/SWIG,r14,1.711784,165.498,182.089,16.715,2025-10-01T14:02:26+00:00
run_294,DONE,b5,NBody-Step,C++/SWIG,r15,1.940684,166.622,210.54,19.016,2025-10-01T14:02:26+00:00
run_295,DONE,b5,NBody-Step,C++/SWIG,r16,1.515543,194.021,206.503,16.096,2025-10-01T14:02:26+00:00
run_296,DONE,b5,NBody-Step,C++/SWIG,r17,1.898504,162.529,190.734,18.37,2025-10-01T14:02:26+00:00
run_297,DONE,b5,NBody-Step,C++/SWIG,r18,1.743432,173.855,213.093,17.462,2025-10-01T14:02:26+00:00
run_298,DONE,b5,NBody-Step,C++/SWIG,r19,1.344963,172.382,202.488,13.411,2025-10-01T14:02:26+00:00
run_299,DONE,b5,NBody-Step,C++/SWIG,r20,1.346796,172.663,211.652,13.441,2025-10-01T14:02:26+00:00
run_300,DONE,b6,Convolution-2D,Python,r1,2.312341,179.388,212.946,39.239,2025-10-01T14:02:26+00:00
run_301,DONE,b6,Convolution-2D,Python,r2,2.48363,182.477,219.272,42.529,2025-10-01T14:02:26+00:00
run_302,DONE,b6,Convolution-2D,Python,r3,2.478544,200.261,226.664,44.646,2025-10-01T14:02:26+00:00
run_303,DONE,b6,Convolution-2D,Python,r4,2.111096,186.255,217.846,36.549,2025-10-01T14:02:26+00:00
run_304,DONE,b6,Convolution-2D,Python,r5,2.391662,171.21,196.854,39.607,2025-10-01T14:02:26+00:00
run_305,DONE,b6,Convolution-2D,Python,r6,2.467112,191.329,219.719,43.338,2025-10-01T14:02:26+00:00
run_306,DONE,b6,Convolution-2D,Python,r7,2.505957,192.768,262.334,44.201,2025-10-01T14:02:26+00:00
run_307,DONE,b6,Convolution-2D,Python,r8,2.634441,172.881,185.506,43.848,2025-10-01T14:02:26+00:00
run_308,DONE,b6,Convolution-2D,Python,r9,2.426812,184.657,206.237,41.821,2025-10-01T14:02:26+00:00
run_309,DONE,b6,Convolution-2D,Python,r10,2.627973,184.539,219.058,45.272,2025-10-01T14:02:26+00:00
run_310,DONE,b6,Convolution-2D,Python,r11,2.471721,168.822,227.904,40.638,2025-10-01T14:02:26+00:00
run_311,DONE,b6,Convolution-2D,Python,r12,2.363711,181.864,223.187,40.403,2025-10-01T14:02:26+00:00
run_312,DONE,b6,Convolution-2D,Python,r13,2.419291,195.053,205.068,42.949,2025-10-01T14:02:26+00:00
run_313,DONE,b6,Convolution-2D,Python,r14,2.472053,179.707,221.856,41.989,2025-10-01T14:02:26+00:00
run_314,DONE,b6,Convolution-2D,Python,r15,2.484044,152.774,239.827,38.847,2025-10-01T14:02:26+00:00
run_315,DONE,b6,Convolution-2D,Python,r16,2.3762,163.752,222.377,38.465,2025-10-01T14:02:26+00:00
run_316,DONE,b6,Convolution-2D,Python,r17,2.207013,181.301,209.988,37.663,2025-10-01T14:02:26+00:00
run_317,DONE,b6,Convolution-2D,Python,r18,2.220928,192.191,208.952,39.11,2025-10-01T14:02:26+00:00
run_318,DONE,b6,Convolution-2D,Python,r19,2.226054,192.984,249.302,39.288,2025-10-01T14:02:26+00:00
run_319,DONE,b6,Convolution-2D,Python,r20,2.632496,174.365,195.867,44.011,2025-10-01T14:02:26+00:00
run_320,DONE,b6,Convolution-2D,C++/Cython,r1,0.903311,175.973,190.055,8.346,2025-10-01T14:02:26+00:00
run_321,DONE,b6,Convolution-2D,C++/Cython,r2,1.393589,184.396,203.394,13.199,2025-10-01T14:02:26+00:00
run_322,DONE,b6,Convolution-2D,C++/Cython,r3,1.347041,174.438,202.997,12.389,2025-10-01T14:02:26+00:00
run_323,DONE,b6,Convolution-2D,C++/Cython,r4,1.373835,186.472,197.907,13.09,2025-10-01T14:02:26+00:00
run_324,DONE,b6,Convolution-2D,C++/Cython,r5,1.129761,187.526,194.149,10.797,2025-10-01T14:02:26+00:00
run_325,DONE,b6,Convolution-2D,C++/Cython,r6,1.359448,165.087,200.999,12.153,2025-10-01T14:02:26+00:00
run_326,DONE,b6,Convolution-2D,C++/Cython,r7,1.082024,175.129,208.041,9.972,2025-10-01T14:02:26+00:00
run_327,DONE,b6,Convolution-2D,C++/Cython,r8,1.180359,181.483,181.391,11.084,2025-10-01T14:02:26+00:00
run_328,DONE,b6,Convolution-2D,C++/Cython,r9,0.864979,187.773,189.939,8.272,2025-10-01T14:02:26+00:00
run_329,DONE,b6,Convolution-2D,C++/Cython,r10,0.957422,154.884,187.418,8.291,2025-10-01T14:02:26+00:00
run_330,DONE,b6,Convolution-2D,C++/Cython,r11,1.322959,155.74,214.914,11.487,2025-10-01T14:02:26+00:00
run_331,DONE,b6,Convolution-2D,C++/Cython,r12,1.153737,185.21,199.515,10.953,2025-10-01T14:02:26+00:00
run_332,DONE,b6,Convolution-2D,C++/Cython,r13,1.608886,162.254,186.431,14.258,2025-10-01T14:02:26+00:00
run_333,DONE,b6,Convolution-2D,C++/Cython,r14,1.408362,157.657,204.646,12.303,2025-10-01T14:02:26+00:00
run_334,DONE,b6,Convolution-2D,C++/Cython,r15,1.345053,169.954,186.091,12.205,2025-10-01T14:02:26+00:00
run_335,DONE,b6,Convolution-2D,C++/Cython,r16,1.378423,175.955,237.448,12.735,2025-10-01T14:02:26+00:00
run_336,DONE,b6,Convolution-2D,C++/Cython,r17,0.967282,175.087,134.672,8.913,2025-10-01T14:02:26+00:00
run_337,DONE,b6,Convolution-2D,C++/Cython,r18,1.254905,174.73,190.45,11.551,2025-10-01T14:02:26+00:00
run_338,DONE,b6,Convolution-2D,C++/Cython,r19,1.276008,164.664,168.829,11.393,2025-10-01T14:02:26+00:00
run_339,DONE,b6,Convolution-2D,C++/Cython,r20,1.133168,164.523,191.729,10.113,2025-10-01T14:02:26+00:00
run_340,DONE,b6,Convolution-2D,C++/SWIG,r1,1.56864,157.555,206.297,14.944,2025-10-01T14:02:26+00:00
run_341,DONE,b6,Convolution-2D,C++/SWIG,r2,1.371791,175.729,191.84,13.817,2025-10-01T14:02:26+00:00
run_342,DONE,b6,Convolution-2D,C++/SWIG,r3,1.270343,153.143,176.574,11.934,2025-10-01T14:02:26+00:00
run_343,DONE,b6,Convolution-2D,C++/SWIG,r4,1.321506,178.836,177.197,13.433,2025-10-01T14:02:26+00:00
run_344,DONE,b6,Convolution-2D,C++/SWIG,r5,1.335667,148.595,221.997,12.365,2025-10-01T14:02:26+00:00
run_345,DONE,b6,Convolution-2D,C++/SWIG,r6,1.411807,148.812,223.059,13.079,2025-10-01T14:02:26+00:00
run_346,DONE,b6,Convolution-2D,C++/SWIG,r7,1.133681,173.125,169.794,11.33,2025-10-01T14:02:26+00:00
run_347,DONE,b6,Convolution-2D,C++/SWIG,r8,1.400819,175.638,194.356,14.105,2025-10-01T14:02:26+00:00
run_348,DONE,b6,Convolution-2D,C++/SWIG,r9,1.217692,150.997,206.224,11.361,2025-10-01T14:02:26+00:00
run_349,DONE,b6,Convolution-2D,C++/SWIG,r10,1.218136,173.697,179.819,12.195,2025-10-01T14:02:26+00:00
run_350,DONE,b6,Convolution-2D,C++/SWIG,r11,0.937961,181.753,180.717,9.617,2025-10-01T14:02:26+00:00
run_351,DONE,b6,Convolution-2D,C++/SWIG,r12,1.040808,182.882,194.754,10.706,2025-10-01T14:02:26+00:00
run_352,DONE,b6,Convolution-2D,C++/SWIG,r13,1.352812,167.736,184.633,13.301,2025-10-01T14:02:26+00:00
run_353,DONE,b6,Convolution-2D,C++/SWIG,r14,1.439078,173.677,197.323,14.406,2025-10-01T14:02:26+00:00
run_354,DONE,b6,Convolution-2D,C++/SWIG,r15,1.320329,172.076,199.444,13.154,2025-10-01T14:02:26+00:00
run_355,DONE,b6,Convolution-2D,C++/SWIG,r16,1.526219,164.288,180.803,14.848,2025-10-01T14:02:26+00:00
run_356,DONE,b6,Convolution-2D,C++/SWIG,r17,1.740316,159.598,198.785,16.686,2025-10-01T14:02:26+00:00
run_357,DONE,b6,Convolution-2D,C++/SWIG,r18,1.198616,170.005,180.949,11.866,2025-10-01T14:02:26+00:00
run_358,DONE,b6,Convolution-2D,C++/SWIG,r19,1.407513,165.519,196.012,13.745,2025-10-01T14:02:26+00:00
run_359,DONE,b6,Convolution-2D,C++/SWIG,r20,1.521987,170.28,209.79,15.08,2025-10-01T14:02:26+00:00
run_360,DONE,b7,KMeans-Iter,Python,r1,2.349272,181.416,212.89,40.104,2025-10-01T14:02:26+00:00
run_361,DONE,b7,KMeans-Iter,Python,r2,2.386351,193.189,188.531,42.142,2025-10-01T14:02:26+00:00
run_362,DONE,b7,KMeans-Iter,Python,r3,2.023949,173.566,257.46,33.756,2025-10-01T14:02:26+00:00
run_363,DONE,b7,KMeans-Iter,Python,r4,2.027654,172.123,258.872,33.672,2025-10-01T14:02:26+00:00
run_364,DONE,b7,KMeans-Iter,Python,r5,2.328836,176.551,231.268,39.189,2025-10-01T14:02:26+00:00
run_365,DONE,b7,KMeans-Iter,Python,r6,2.410686,199.338,221.74,43.313,2025-10-01T14:02:26+00:00
run_366,DONE,b7,KMeans-Iter,Python,r7,2.18478,177.455,209.022,36.863,2025-10-01T14:02:26+00:00
run_367,DONE,b7,KMeans-Iter,Python,r8,2.191476,186.868,225.351,38.008,2025-10-01T14:02:26+00:00
run_368,DONE,b7,KMeans-Iter,Python,r9,2.588676,175.1,232.691,43.373,2025-10-01T14:02:26+00:00
run_369,DONE,b7,KMeans-Iter,Python,r10,2.040925,172.909,235.481,33.972,2025-10-01T14:02:26+00:00
run_370,DONE,b7,KMeans-Iter,Python,r11,2.225706,194.838,209.621,39.488,2025-10-01T14:02:26+00:00
run_371,DONE,b7,KMeans-Iter,Python,r12,2.375138,167.904,232.539,38.941,2025-10-01T14:02:26+00:00
run_372,DONE,b7,KMeans-Iter,Python,r13,2.220445,187.254,213.447,38.553,2025-10-01T14:02:26+00:00
run_373,DONE,b7,KMeans-Iter,Python,r14,2.246029,172.051,219.722,37.29,2025-10-01T14:02:26+00:00
run_374,DONE,b7,KMeans-Iter,Python,r15,2.317899,198.386,205.998,41.535,2025-10-01T14:02:26+00:00
run_375,DONE,b7,KMeans-Iter,Python,r16,2.230684,192.876,247.228,39.358,2025-10-01T14:02:26+00:00
run_376,DONE,b7,KMeans-Iter,Python,r17,2.544932,171.849,224.091,42.227,2025-10-01T14:02:26+00:00
run_377,DONE,b7,KMeans-Iter,Python,r18,2.317415,178.332,197.967,39.203,2025-10-01T14:02:26+00:00
run_378,DONE,b7,KMeans-Iter,Python,r19,2.113874,175.211,211.295,35.43,2025-10-01T14:02:26+00:00
run_379,DONE,b7,KMeans-Iter,Python,r20,2.377913,199.919,222.889,42.793,2025-10-01T14:02:26+00:00
run_380,DONE,b7,KMeans-Iter,C++/Cython,r1,0.948364,162.672,165.963,8.415,2025-10-01T14:02:26+00:00
run_381,DONE,b7,KMeans-Iter,C++/Cython,r2,1.313938,152.332,200.198,11.286,2025-10-01T14:02:26+00:00
run_382,DONE,b7,KMeans-Iter,C++/Cython,r3,1.21144,159.171,181.9,10.633,2025-10-01T14:02:26+00:00
run_383,DONE,b7,KMeans-Iter,C++/Cython,r4,1.123522,154.3,182.714,9.711,2025-10-01T14:02:26+00:00
run_384,DONE,b7,KMeans-Iter,C++/Cython,r5,1.26715,176.575,164.393,11.729,2025-10-01T14:02:26+00:00
run_385,DONE,b7,KMeans-Iter,C++/Cython,r6,1.09123,162.309,213.747,9.672,2025-10-01T14:02:26+00:00
run_386,DONE,b7,KMeans-Iter,C++/Cython,r7,1.01057,182.042,190.729,9.506,2025-10-01T14:02:26+00:00
run_387,DONE,b7,KMeans-Iter,C++/Cython,r8,1.07871,169.71,186.222,9.781,2025-10-01T14:02:26+00:00
run_388,DONE,b7,KMeans-Iter,C++/Cython,r9,1.216986,181.935,213.615,11.444,2025-10-01T14:02:26+00:00
run_389,DONE,b7,KMeans-Iter,C++/Cython,r10,1.058446,172.998,200.687,9.693,2025-10-01T14:02:26+00:00
run_390,DONE,b7,KMeans-Iter,C++/Cython,r11,1.095523,172.269,200.901,10.01,2025-10-01T14:02:26+00:00
run_391,DONE,b7,KMeans-Iter,C++/Cython,r12,1.108936,181.64,170.095,10.419,2025-10-01T14:02:26+00:00
run_392,DONE,b7,KMeans-Iter,C++/Cython,r13,0.993795,168.662,179.247,8.982,2025-10-01T14:02:26+00:00
run_393,DONE,b7,KMeans-Iter,C++/Cython,r14,1.172659,183.727,191.439,11.085,2025-10-01T14:02:26+00:00
run_394,DONE,b7,KMeans-Iter,C++/Cython,r15,0.777983,164.142,208.165,6.935,2025-10-01T14:02:26+00:00
run_395,DONE,b7,KMeans-Iter,C++/Cython,r16,1.015237,171.613,228.687,9.258,2025-10-01T14:02:26+00:00
run_396,DONE,b7,KMeans-Iter,C++/Cython,r17,1.040775,182.813,180.918,9.812,2025-10-01T14:02:26+00:00
run_397,DONE,b7,KMeans-Iter,C++/Cython,r18,1.21167,154.511,190.718,10.48,2025-10-01T14:02:26+00:00
run_398,DONE,b7,KMeans-Iter,C++/Cython,r19,0.944848,174.491,164.284,8.691,2025-10-01T14:02:26+00:00
run_399,DONE,b7,KMeans-Iter,C++/Cython,r20,1.213879,165.995,158.147,10.882,2025-10-01T14:02:26+00:00
run_400,DONE,b7,KMeans-Iter,C++/SWIG,r1,1.350499,183.815,222.101,13.93,2025-10-01T14:02:26+00:00
run_401,DONE,b7,KMeans-Iter,C++/SWIG,r2,0.985225,174.161,220.808,9.877,2025-10-01T14:02:26+00:00
run_402,DONE,b7,KMeans-Iter,C++/SWIG,r3,1.026831,170.977,202.73,10.196,2025-10-01T14:02:26+00:00
run_403,DONE,b7,KMeans-Iter,C++/SWIG,r4,1.277623,167.076,177.521,12.536,2025-10-01T14:02:26+00:00
run_404,DONE,b7,KMeans-Iter,C++/SWIG,r5,1.14775,171.136,195.087,11.402,2025-10-01T14:02:26+00:00
run_405,DONE,b7,KMeans-Iter,C++/SWIG,r6,1.394192,187.828,187.732,14.548,2025-10-01T14:02:26+00:00
run_406,DONE,b7,KMeans-Iter,C++/SWIG,r7,1.242828,182.378,174.341,12.766,2025-10-01T14:02:26+00:00
run_407,DONE,b7,KMeans-Iter,C++/SWIG,r8,1.067029,165.307,179.866,10.413,2025-10-01T14:02:26+00:00
run_408,DONE,b7,KMeans-Iter,C++/SWIG,r9,1.344639,172.206,227.397,13.401,2025-10-01T14:02:26+00:00
run_409,DONE,b7,KMeans-Iter,C++/SWIG,r10,1.268824,173.244,183.931,12.685,2025-10-01T14:02:26+00:00
run_410,DONE,b7,KMeans-Iter,C++/SWIG,r11,0.889095,185.533,184.255,9.216,2025-10-01T14:02:26+00:00
run_411,DONE,b7,KMeans-Iter,C++/SWIG,r12,1.107651,181.089,177.455,11.334,2025-10-01T14:02:26+00:00
run_412,DONE,b7,KMeans-Iter,C++/SWIG,r13,1.188364,170.919,162.025,11.798,2025-10-01T14:02:26+00:00
run_413,DONE,b7,KMeans-Iter,C++/SWIG,r14,1.386224,167.538,201.445,13.621,2025-10-01T14:02:26+00:00
run_414,DONE,b7,KMeans-Iter,C++/SWIG,r15,1.335131,172.239,192.934,13.307,2025-10-01T14:02:26+00:00
run_415,DONE,b7,KMeans-Iter,C++/SWIG,r16,1.435949,171.774,199.013,14.292,2025-10-01T14:02:26+00:00
run_416,DONE,b7,KMeans-Iter,C++/SWIG,r17,1.120082,176.455,160.975,11.306,2025-10-01T14:02:26+00:00
run_417,DONE,b7,KMeans-Iter,C++/SWIG,r18,1.516712,164.613,199.041,14.77,2025-10-01T14:02:26+00:00
run_418,DONE,b7,KMeans-Iter,C++/SWIG,r19,1.291375,178.489,166.323,13.113,2025-10-01T14:02:26+00:00
run_419,DONE,b7,KMeans-Iter,C++/SWIG,r20,1.068463,174.044,170.656,10.707,2025-10-01T14:02:26+00:00
run_420,DONE,b8,Graph-Dijkstra,Python,r1,2.327461,176.484,222.112,39.158,2025-10-01T14:02:26+00:00
run_421,DONE,b8,Graph-Dijkstra,Python,r2,2.499057,161.653,169.224,40.191,2025-10-01T14:02:26+00:00
run_422,DONE,b8,Graph-Dijkstra,Python,r3,2.423181,201.211,228.825,43.764,2025-10-01T14:02:26+00:00
run_423,DONE,b8,Graph-Dijkstra,Python,r4,2.96093,171.755,236.371,49.115,2025-10-01T14:02:26+00:00
run_424,DONE,b8,Graph-Dijkstra,Python,r5,2.310977,195.607,199.459,41.09,2025-10-01T14:02:26+00:00
run_425,DONE,b8,Graph-Dijkstra,Python,r6,2.5305,163.182,244.848,40.891,2025-10-01T14:02:26+00:00
run_426,DONE,b8,Graph-Dijkstra,Python,r7,2.316304,180.999,231.393,39.493,2025-10-01T14:02:26+00:00
run_427,DONE,b8,Graph-Dijkstra,Python,r8,2.609382,186.456,208.537,45.202,2025-10-01T14:02:26+00:00
run_428,DONE,b8,Graph-Dijkstra,Python,r9,2.579048,175.523,213.444,43.266,2025-10-01T14:02:26+00:00
run_429,DONE,b8,Graph-Dijkstra,Python,r10,3.02975,198.788,207.168,54.352,2025-10-01T14:02:26+00:00
run_430,DONE,b8,Graph-Dijkstra,Python,r11,2.373769,197.429,217.617,42.423,2025-10-01T14:02:26+00:00
run_431,DONE,b8,Graph-Dijkstra,Python,r12,2.594837,191.527,235.374,45.608,2025-10-01T14:02:26+00:00
run_432,DONE,b8,Graph-Dijkstra,Python,r13,2.859321,175.612,187.436,47.981,2025-10-01T14:02:26+00:00
run_433,DONE,b8,Graph-Dijkstra,Python,r14,2.591695,195.21,224.13,46.03,2025-10-01T14:02:26+00:00
run_434,DONE,b8,Graph-Dijkstra,Python,r15,2.817983,181.629,209.076,48.135,2025-10-01T14:02:26+00:00
run_435,DONE,b8,Graph-Dijkstra,Python,r16,2.775421,180.944,165.673,47.313,2025-10-01T14:02:26+00:00
run_436,DONE,b8,Graph-Dijkstra,Python,r17,2.731551,176.69,208.806,45.984,2025-10-01T14:02:26+00:00
run_437,DONE,b8,Graph-Dijkstra,Python,r18,2.751734,177.387,227.44,46.42,2025-10-01T14:02:26+00:00
run_438,DONE,b8,Graph-Dijkstra,Python,r19,2.586989,157.355,230.391,41.05,2025-10-01T14:02:26+00:00
run_439,DONE,b8,Graph-Dijkstra,Python,r20,2.499059,193.763,232.577,44.204,2025-10-01T14:02:26+00:00
run_440,DONE,b8,Graph-Dijkstra,C++/Cython,r1,1.441243,152.861,193.981,12.4,2025-10-01T14:02:26+00:00
run_441,DONE,b8,Graph-Dijkstra,C++/Cython,r2,1.159282,164.207,194.934,10.336,2025-10-01T14:02:26+00:00
run_442,DONE,b8,Graph-Dijkstra,C++/Cython,r3,1.467812,172.184,144.254,13.409,2025-10-01T14:02:26+00:00
run_443,DONE,b8,Graph-Dijkstra,C++/Cython,r4,1.262523,163.78,190.572,11.241,2025-10-01T14:02:26+00:00
run_444,DONE,b8,Graph-Dijkstra,C++/Cython,r5,1.511657,169.264,171.456,13.688,2025-10-01T14:02:26+00:00
run_445,DONE,b8,Graph-Dijkstra,C++/Cython,r6,1.316984,171.825,208.132,12.018,2025-10-01T14:02:26+00:00
run_446,DONE,b8,Graph-Dijkstra,C++/Cython,r7,1.075038,165.738,206.712,9.63,2025-10-01T14:02:26+00:00
run_447,DONE,b8,Graph-Dijkstra,C++/Cython,r8,1.108966,171.445,208.203,10.108,2025-10-01T14:02:26+00:00
run_448,DONE,b8,Graph-Dijkstra,C++/Cython,r9,1.186358,166.232,227.08,10.643,2025-10-01T14:02:26+00:00
run_449,DONE,b8,Graph-Dijkstra,C++/Cython,r10,1.026378,188.92,183.264,9.848,2025-10-01T14:02:26+00:00
run_450,DONE,b8,Graph-Dijkstra,C++/Cython,r11,1.364755,167.781,201.131,12.302,2025-10-01T14:02:26+00:00
run_451,DONE,b8,Graph-Dijkstra,C++/Cython,r12,1.361717,169.896,160.325,12.354,2025-10-01T14:02:26+00:00
run_452,DONE,b8,Graph-Dijkstra,C++/Cython,r13,1.183771,163.569,179.099,10.533,2025-10-01T14:02:26+00:00
run_453,DONE,b8,Graph-Dijkstra,C++/Cython,r14,1.281472,174.166,200.091,11.776,2025-10-01T14:02:26+00:00
run_454,DONE,b8,Graph-Dijkstra,C++/Cython,r15,1.569346,179.569,216.536,14.655,2025-10-01T14:02:26+00:00
run_455,DONE,b8,Graph-Dijkstra,C++/Cython,r16,1.31958,157.499,214.567,11.522,2025-10-01T14:02:26+00:00
run_456,DONE,b8,Graph-Dijkstra,C++/Cython,r17,1.645937,157.679,171.904,14.379,2025-10-01T14:02:26+00:00
run_457,DONE,b8,Graph-Dijkstra,C++/Cython,r18,1.60607,180.389,218.834,15.034,2025-10-01T14:02:26+00:00
run_458,DONE,b8,Graph-Dijkstra,C++/Cython,r19,1.496241,173.21,136.745,13.71,2025-10-01T14:02:26+00:00
run_459,DONE,b8,Graph-Dijkstra,C++/Cython,r20,1.603764,173.202,176.794,14.695,2025-10-01T14:02:26+00:00
run_460,DONE,b8,Graph-Dijkstra,C++/SWIG,r1,1.068743,147.562,209.376,9.861,2025-10-01T14:02:26+00:00
run_461,DONE,b8,Graph-Dijkstra,C++/SWIG,r2,1.394397,159.968,203.821,13.385,2025-10-01T14:02:26+00:00
run_462,DONE,b8,Graph-Dijkstra,C++/SWIG,r3,1.707865,190.164,173.14,17.941,2025-10-01T14:02:26+00:00
run_463,DONE,b8,Graph-Dijkstra,C++/SWIG,r4,1.169362,174.246,181.234,11.726,2025-10-01T14:02:26+00:00
run_464,DONE,b8,Graph-Dijkstra,C++/SWIG,r5,1.361126,165.396,181.514,13.287,2025-10-01T14:02:26+00:00
run_465,DONE,b8,Graph-Dijkstra,C++/SWIG,r6,1.657116,178.414,206.972,16.824,2025-10-01T14:02:26+00:00
run_466,DONE,b8,Graph-Dijkstra,C++/SWIG,r7,1.331872,157.95,176.251,12.704,2025-10-01T14:02:26+00:00
run_467,DONE,b8,Graph-Dijkstra,C++/SWIG,r8,1.7074,178.245,174.167,17.326,2025-10-01T14:02:26+00:00
run_468,DONE,b8,Graph-Dijkstra,C++/SWIG,r9,1.36431,158.204,179.826,13.024,2025-10-01T14:02:26+00:00
run_469,DONE,b8,Graph-Dijkstra,C++/SWIG,r10,1.157839,169.886,162.445,11.459,2025-10-01T14:02:26+00:00
run_470,DONE,b8,Graph-Dijkstra,C++/SWIG,r11,1.556103,180.717,183.891,15.906,2025-10-01T14:02:26+00:00
run_471,DONE,b8,Graph-Dijkstra,C++/SWIG,r12,1.65661,188.665,162.946,17.328,2025-10-01T14:02:26+00:00
run_472,DONE,b8,Graph-Dijkstra,C++/SWIG,r13,1.191097,162.354,199.041,11.519,2025-10-01T14:02:26+00:00
run_473,DONE,b8,Graph-Dijkstra,C++/SWIG,r14,1.620912,163.547,175.768,15.733,2025-10-01T14:02:26+00:00
run_474,DONE,b8,Graph-Dijkstra,C++/SWIG,r15,1.107223,183.074,199.766,11.396,2025-10-01T14:02:26+00:00
run_475,DONE,b8,Graph-Dijkstra,C++/SWIG,r16,1.65324,158.084,198.557,15.776,2025-10-01T14:02:26+00:00
run_476,DONE,b8,Graph-Dijkstra,C++/SWIG,r17,1.435937,157.238,199.44,13.666,2025-10-01T14:02:26+00:00
run_477,DONE,b8,Graph-Dijkstra,C++/SWIG,r18,1.697509,169.07,190.816,16.758,2025-10-01T14:02:26+00:00
run_478,DONE,b8,Graph-Dijkstra,C++/SWIG,r19,1.499431,169.939,208.373,14.842,2025-10-01T14:02:26+00:00
run_479,DONE,b8,Graph-Dijkstra,C++/SWIG,r20,1.330724,197.234,174.685,14.261,2025-10-01T14:02:26+00:00
run_480,DONE,b9,Regex-Tokenize,Python,r1,1.417299,181.978,205.411,24.234,2025-10-01T14:02:26+00:00
run_481,DONE,b9,Regex-Tokenize,Python,r2,1.59885,201.33,238.344,28.886,2025-10-01T14:02:26+00:00
run_482,DONE,b9,Regex-Tokenize,Python,r3,1.452345,166.321,257.465,23.697,2025-10-01T14:02:26+00:00
run_483,DONE,b9,Regex-Tokenize,Python,r4,1.606959,168.22,229.216,26.372,2025-10-01T14:02:26+00:00
run_484,DONE,b9,Regex-Tokenize,Python,r5,1.406441,176.971,238.165,23.697,2025-10-01T14:02:26+00:00
run_485,DONE,b9,Regex-Tokenize,Python,r6,1.606261,193.373,217.76,28.38,2025-10-01T14:02:26+00:00
run_486,DONE,b9,Regex-Tokenize,Python,r7,1.395362,169.42,192.368,22.983,2025-10-01T14:02:26+00:00
run_487,DONE,b9,Regex-Tokenize,Python,r8,1.372075,174.481,214.424,22.947,2025-10-01T14:02:26+00:00
run_488,DONE,b9,Regex-Tokenize,Python,r9,1.356297,176.44,184.781,22.816,2025-10-01T14:02:26+00:00
run_489,DONE,b9,Regex-Tokenize,Python,r10,1.300817,188.994,208.568,22.699,2025-10-01T14:02:26+00:00
run_490,DONE,b9,Regex-Tokenize,Python,r11,1.48194,181.812,202.496,25.327,2025-10-01T14:02:26+00:00
run_491,DONE,b9,Regex-Tokenize,Python,r12,1.285052,165.658,194.279,20.924,2025-10-01T14:02:26+00:00
run_492,DONE,b9,Regex-Tokenize,Python,r13,1.625996,168.954,219.692,26.744,2025-10-01T14:02:26+00:00
run_493,DONE,b9,Regex-Tokenize,Python,r14,1.591587,178.205,225.465,26.914,2025-10-01T14:02:26+00:00
run_494,DONE,b9,Regex-Tokenize,Python,r15,1.417828,189.415,261.131,24.771,2025-10-01T14:02:26+00:00
run_495,DONE,b9,Regex-Tokenize,Python,r16,1.442139,180.253,225.061,24.535,2025-10-01T14:02:26+00:00
run_496,DONE,b9,Regex-Tokenize,Python,r17,1.502179,176.957,200.643,25.308,2025-10-01T14:02:26+00:00
run_497,DONE,b9,Regex-Tokenize,Python,r18,1.394718,180.276,207.782,23.729,2025-10-01T14:02:26+00:00
run_498,DONE,b9,Regex-Tokenize,Python,r19,1.328235,172.193,191.248,22.062,2025-10-01T14:02:26+00:00
run_499,DONE,b9,Regex-Tokenize,Python,r20,1.387121,174.165,211.263,23.176,2025-10-01T14:02:26+00:00
run_500,DONE,b9,Regex-Tokenize,C++/Cython,r1,0.63519,149.864,174.589,5.413,2025-10-01T14:02:26+00:00
run_501,DONE,b9,Regex-Tokenize,C++/Cython,r2,0.741268,154.112,195.005,6.403,2025-10-01T14:02:26+00:00
run_502,DONE,b9,Regex-Tokenize,C++/Cython,r3,0.690315,174.093,190.865,6.342,2025-10-01T14:02:26+00:00
run_503,DONE,b9,Regex-Tokenize,C++/Cython,r4,0.83138,160.207,198.89,7.321,2025-10-01T14:02:26+00:00
run_504,DONE,b9,Regex-Tokenize,C++/Cython,r5,0.867685,172.55,200.843,7.935,2025-10-01T14:02:26+00:00
run_505,DONE,b9,Regex-Tokenize,C++/Cython,r6,0.580658,164.529,155.414,5.182,2025-10-01T14:02:26+00:00
run_506,DONE,b9,Regex-Tokenize,C++/Cython,r7,0.630873,175.629,160.073,5.823,2025-10-01T14:02:26+00:00
run_507,DONE,b9,Regex-Tokenize,C++/Cython,r8,0.698635,162.167,182.793,6.19,2025-10-01T14:02:26+00:00
run_508,DONE,b9,Regex-Tokenize,C++/Cython,r9,0.66428,169.002,172.637,6.01,2025-10-01T14:02:26+00:00
run_509,DONE,b9,Regex-Tokenize,C++/Cython,r10,0.675042,177.366,169.293,6.263,2025-10-01T14:02:26+00:00
run_510,DONE,b9,Regex-Tokenize,C++/Cython,r11,0.645009,181.924,184.199,6.065,2025-10-01T14:02:26+00:00
run_511,DONE,b9,Regex-Tokenize,C++/Cython,r12,0.508654,167.726,193.892,4.584,2025-10-01T14:02:26+00:00
run_512,DONE,b9,Regex-Tokenize,C++/Cython,r13,0.911773,171.448,194.601,8.311,2025-10-01T14:02:26+00:00
run_513,DONE,b9,Regex-Tokenize,C++/Cython,r14,0.825391,170.071,209.32,7.492,2025-10-01T14:02:26+00:00
run_514,DONE,b9,Regex-Tokenize,C++/Cython,r15,0.701324,145.947,174.555,5.901,2025-10-01T14:02:26+00:00
run_515,DONE,b9,Regex-Tokenize,C++/Cython,r16,0.690654,181.672,182.525,6.489,2025-10-01T14:02:26+00:00
run_516,DONE,b9,Regex-Tokenize,C++/Cython,r17,0.532377,186.455,212.653,5.072,2025-10-01T14:02:26+00:00
run_517,DONE,b9,Regex-Tokenize,C++/Cython,r18,0.71038,178.017,212.469,6.603,2025-10-01T14:02:26+00:00
run_518,DONE,b9,Regex-Tokenize,C++/Cython,r19,0.694491,189.261,190.675,6.67,2025-10-01T14:02:26+00:00
run_519,DONE,b9,Regex-Tokenize,C++/Cython,r20,0.809579,158.893,196.724,7.1,2025-10-01T14:02:26+00:00
run_520,DONE,b9,Regex-Tokenize,C++/SWIG,r1,0.906628,186.88,192.428,9.435,2025-10-01T14:02:26+00:00
run_521,DONE,b9,Regex-Tokenize,C++/SWIG,r2,0.762234,186.143,180.889,7.915,2025-10-01T14:02:26+00:00
run_522,DONE,b9,Regex-Tokenize,C++/SWIG,r3,0.803327,185.934,181.97,8.337,2025-10-01T14:02:26+00:00
run_523,DONE,b9,Regex-Tokenize,C++/SWIG,r4,0.753709,158.482,180.03,7.201,2025-10-01T14:02:26+00:00
run_524,DONE,b9,Regex-Tokenize,C++/SWIG,r5,0.799594,170.765,178.957,7.934,2025-10-01T14:02:26+00:00
run_525,DONE,b9,Regex-Tokenize,C++/SWIG,r6,0.809927,149.639,197.553,7.524,2025-10-01T14:02:26+00:00
run_526,DONE,b9,Regex-Tokenize,C++/SWIG,r7,0.918323,182.08,176.287,9.424,2025-10-01T14:02:26+00:00
run_527,DONE,b9,Regex-Tokenize,C++/SWIG,r8,0.879993,149.718,129.151,8.176,2025-10-01T14:02:26+00:00
run_528,DONE,b9,Regex-Tokenize,C++/SWIG,r9,0.805665,158.067,169.713,7.688,2025-10-01T14:02:26+00:00
run_529,DONE,b9,Regex-Tokenize,C++/SWIG,r10,0.662277,174.288,170.944,6.642,2025-10-01T14:02:26+00:00
run_530,DONE,b9,Regex-Tokenize,C++/SWIG,r11,0.923836,154.542,167.199,8.718,2025-10-01T14:02:26+00:00
run_531,DONE,b9,Regex-Tokenize,C++/SWIG,r12,0.915218,173.956,170.436,9.169,2025-10-01T14:02:26+00:00
run_532,DONE,b9,Regex-Tokenize,C++/SWIG,r13,0.719184,178.455,165.794,7.302,2025-10-01T14:02:26+00:00
run_533,DONE,b9,Regex-Tokenize,C++/SWIG,r14,0.782483,172.625,181.015,7.808,2025-10-01T14:02:26+00:00
run_534,DONE,b9,Regex-Tokenize,C++/SWIG,r15,0.841078,186.165,199.433,8.735,2025-10-01T14:02:26+00:00
run_535,DONE,b9,Regex-Tokenize,C++/SWIG,r16,0.707564,157.016,183.675,6.729,2025-10-01T14:02:26+00:00
run_536,DONE,b9,Regex-Tokenize,C++/SWIG,r17,0.844071,176.968,192.751,8.533,2025-10-01T14:02:26+00:00
run_537,DONE,b9,Regex-Tokenize,C++/SWIG,r18,0.633552,179.14,183.106,6.446,2025-10-01T14:02:26+00:00
run_538,DONE,b9,Regex-Tokenize,C++/SWIG,r19,0.831217,186.822,165.516,8.649,2025-10-01T14:02:26+00:00
run_539,DONE,b9,Regex-Tokenize,C++/SWIG,r20,0.808504,163.615,187.641,7.849,2025-10-01T14:02:26+00:00
run_540,DONE,b10,JSON-EncodeDecode,Python,r1,1.372292,192.838,200.237,24.21,2025-10-01T14:02:26+00:00
run_541,DONE,b10,JSON-EncodeDecode,Python,r2,1.327732,179.158,225.62,22.516,2025-10-01T14:02:26+00:00
run_542,DONE,b10,JSON-EncodeDecode,Python,r3,1.39684,173.635,232.077,23.302,2025-10-01T14:02:26+00:00
run_543,DONE,b10,JSON-EncodeDecode,Python,r4,1.119185,179.766,213.129,19.013,2025-10-01T14:02:26+00:00
run_544,DONE,b10,JSON-EncodeDecode,Python,r5,1.450142,194.413,228.071,25.697,2025-10-01T14:02:26+00:00
run_545,DONE,b10,JSON-EncodeDecode,Python,r6,1.245138,167.672,200.977,20.4,2025-10-01T14:02:26+00:00
run_546,DONE,b10,JSON-EncodeDecode,Python,r7,1.180769,174.537,240.672,19.751,2025-10-01T14:02:26+00:00
run_547,DONE,b10,JSON-EncodeDecode,Python,r8,1.325226,195.064,228.486,23.527,2025-10-01T14:02:26+00:00
run_548,DONE,b10,JSON-EncodeDecode,Python,r9,1.44583,190.668,237.908,25.35,2025-10-01T14:02:26+00:00
run_549,DONE,b10,JSON-EncodeDecode,Python,r10,1.288982,181.895,243.365,22.035,2025-10-01T14:02:26+00:00
run_550,DONE,b10,JSON-EncodeDecode,Python,r11,1.288052,193.238,225.662,22.749,2025-10-01T14:02:26+00:00
run_551,DONE,b10,JSON-EncodeDecode,Python,r12,1.152492,201.746,235.062,20.845,2025-10-01T14:02:26+00:00
run_552,DONE,b10,JSON-EncodeDecode,Python,r13,1.443701,157.844,220.935,22.944,2025-10-01T14:02:26+00:00
run_553,DONE,b10,JSON-EncodeDecode,Python,r14,1.293214,194.967,222.031,22.952,2025-10-01T14:02:26+00:00
run_554,DONE,b10,JSON-EncodeDecode,Python,r15,1.290624,191.819,231.363,22.703,2025-10-01T14:02:26+00:00
run_555,DONE,b10,JSON-EncodeDecode,Python,r16,1.409583,167.958,219.259,23.114,2025-10-01T14:02:26+00:00
run_556,DONE,b10,JSON-EncodeDecode,Python,r17,1.338434,171.238,194.754,22.167,2025-10-01T14:02:26+00:00
run_557,DONE,b10,JSON-EncodeDecode,Python,r18,1.188468,188.853,248.774,20.73,2025-10-01T14:02:26+00:00
run_558,DONE,b10,JSON-EncodeDecode,Python,r19,1.437354,176.882,201.98,24.211,2025-10-01T14:02:26+00:00
run_559,DONE,b10,JSON-EncodeDecode,Python,r20,1.343234,203.914,239.374,24.441,2025-10-01T14:02:26+00:00
run_560,DONE,b10,JSON-EncodeDecode,C++/Cython,r1,0.535036,166.872,188.93,4.809,2025-10-01T14:02:26+00:00
run_561,DONE,b10,JSON-EncodeDecode,C++/Cython,r2,0.635964,179.692,206.719,5.941,2025-10-01T14:02:26+00:00
run_562,DONE,b10,JSON-EncodeDecode,C++/Cython,r3,0.75161,180.572,179.978,7.039,2025-10-01T14:02:26+00:00
run_563,DONE,b10,JSON-EncodeDecode,C++/Cython,r4,0.610119,169.282,179.728,5.525,2025-10-01T14:02:26+00:00
run_564,DONE,b10,JSON-EncodeDecode,C++/Cython,r5,0.615819,163.413,165.903,5.477,2025-10-01T14:02:26+00:00
run_565,DONE,b10,JSON-EncodeDecode,C++/Cython,r6,0.547582,164.156,191.654,4.881,2025-10-01T14:02:26+00:00
run_566,DONE,b10,JSON-EncodeDecode,C++/Cython,r7,0.568208,175.694,166.514,5.245,2025-10-01T14:02:26+00:00
run_567,DONE,b10,JSON-EncodeDecode,C++/Cython,r8,0.675341,174.567,177.454,6.214,2025-10-01T14:02:26+00:00
run_568,DONE,b10,JSON-EncodeDecode,C++/Cython,r9,0.616522,179.91,192.003,5.763,2025-10-01T14:02:26+00:00
run_569,DONE,b10,JSON-EncodeDecode,C++/Cython,r10,0.711199,155.366,196.281,6.168,2025-10-01T14:02:26+00:00
run_570,DONE,b10,JSON-EncodeDecode,C++/Cython,r11,0.607459,180.421,223.076,5.687,2025-10-01T14:02:26+00:00
run_571,DONE,b10,JSON-EncodeDecode,C++/Cython,r12,0.506647,156.992,188.458,4.417,2025-10-01T14:02:26+00:00
run_572,DONE,b10,JSON-EncodeDecode,C++/Cython,r13,0.714481,172.99,177.735,6.543,2025-10-01T14:02:26+00:00
run_573,DONE,b10,JSON-EncodeDecode,C++/Cython,r14,0.693879,143.492,222.804,5.791,2025-10-01T14:02:26+00:00
run_574,DONE,b10,JSON-EncodeDecode,C++/Cython,r15,0.611632,168.496,181.789,5.525,2025-10-01T14:02:26+00:00
run_575,DONE,b10,JSON-EncodeDecode,C++/Cython,r16,0.739815,179.189,181.969,6.901,2025-10-01T14:02:26+00:00
run_576,DONE,b10,JSON-EncodeDecode,C++/Cython,r17,0.604974,176.216,206.179,5.594,2025-10-01T14:02:26+00:00
run_577,DONE,b10,JSON-EncodeDecode,C++/Cython,r18,0.597738,183.206,168.488,5.642,2025-10-01T14:02:26+00:00
run_578,DONE,b10,JSON-EncodeDecode,C++/Cython,r19,0.580554,190.571,162.35,5.597,2025-10-01T14:02:26+00:00
run_579,DONE,b10,JSON-EncodeDecode,C++/Cython,r20,0.642842,170.491,174.912,5.842,2025-10-01T14:02:26+00:00
run_580,DONE,b10,JSON-EncodeDecode,C++/SWIG,r1,0.652175,189.192,204.826,6.832,2025-10-01T14:02:26+00:00
run_581,DONE,b10,JSON-EncodeDecode,C++/SWIG,r2,0.79902,151.767,195.41,7.473,2025-10-01T14:02:26+00:00
run_582,DONE,b10,JSON-EncodeDecode,C++/SWIG,r3,0.73079,199.475,205.11,7.881,2025-10-01T14:02:26+00:00
run_583,DONE,b10,JSON-EncodeDecode,C++/SWIG,r4,0.78003,171.986,175.135,7.769,2025-10-01T14:02:26+00:00
run_584,DONE,b10,JSON-EncodeDecode,C++/SWIG,r5,0.680245,177.735,194.6,6.892,2025-10-01T14:02:26+00:00
run_585,DONE,b10,JSON-EncodeDecode,C++/SWIG,r6,0.601592,175.416,211.289,6.054,2025-10-01T14:02:26+00:00
run_586,DONE,b10,JSON-EncodeDecode,C++/SWIG,r7,0.610979,171.854,190.469,6.083,2025-10-01T14:02:26+00:00
run_587,DONE,b10,JSON-EncodeDecode,C++/SWIG,r8,0.693611,183.04,210.346,7.138,2025-10-01T14:02:26+00:00
run_588,DONE,b10,JSON-EncodeDecode,C++/SWIG,r9,0.706862,183.998,179.964,7.295,2025-10-01T14:02:26+00:00
run_589,DONE,b10,JSON-EncodeDecode,C++/SWIG,r10,0.60372,181.309,190.671,6.182,2025-10-01T14:02:26+00:00
run_590,DONE,b10,JSON-EncodeDecode,C++/SWIG,r11,0.651157,140.148,193.072,5.863,2025-10-01T14:02:26+00:00
run_591,DONE,b10,JSON-EncodeDecode,C++/SWIG,r12,0.692196,187.628,191.696,7.219,2025-10-01T14:02:26+00:00
run_592,DONE,b10,JSON-EncodeDecode,C++/SWIG,r13,0.838252,161.161,183.185,8.076,2025-10-01T14:02:26+00:00
run_593,DONE,b10,JSON-EncodeDecode,C++/SWIG,r14,0.695444,156.857,217.331,6.611,2025-10-01T14:02:26+00:00
run_594,DONE,b10,JSON-EncodeDecode,C++/SWIG,r15,0.453342,171.119,218.721,4.503,2025-10-01T14:02:26+00:00
run_595,DONE,b10,JSON-EncodeDecode,C++/SWIG,r16,0.867383,192.733,194.041,9.179,2025-10-01T14:02:26+00:00
run_596,DONE,b10,JSON-EncodeDecode,C++/SWIG,r17,0.515642,161.709,166.027,4.977,2025-10-01T14:02:26+00:00
run_597,DONE,b10,JSON-EncodeDecode,C++/SWIG,r18,0.692232,176.917,200.146,6.997,2025-10-01T14:02:26+00:00
run_598,DONE,b10,JSON-EncodeDecode,C++/SWIG,r19,0.615293,155.749,202.743,5.828,2025-10-01T14:02:26+00:00
run_599,DONE,b10,JSON-EncodeDecode,C++/SWIG,r20,0.663892,162.411,152.012,6.421,2025-10-01T14:02:26+00:00
